group,slope_RAD51_to_TP53
WGD-,-0.13895291093954948
WGD+,-0.11998194749116903
